1,13,61,2019-01-01,1,2019-01-05,1,1,COMPLETED
2,3,57,2019-01-01,1,2019-01-06,1,1,COMPLETED
3,46,161,2019-01-02,1,2019-01-09,0,1,COMPLETED
4,14,120,2019-01-02,1,2019-01-24,0,1,COMPLETED
5,10,88,2019-01-04,1,2019-01-29,0,1,COMPLETED
6,65,52,2019-01-04,1,2019-01-23,1,1,COMPLETED
7,32,101,2019-01-04,1,2019-01-31,0,1,COMPLETED
8,32,10,2019-01-04,1,2019-02-02,1,1,COMPLETED
9,63,1,2019-01-05,1,2019-01-28,1,1,COMPLETED
10,13,149,2019-01-05,1,2019-01-31,0,1,COMPLETED
11,13,198,2019-01-05,1,2019-01-09,0,1,COMPLETED
12,31,55,2019-01-06,1,2019-01-31,0,1,COMPLETED
13,26,29,2019-01-06,1,2019-02-05,0,1,COMPLETED
14,65,5,2019-01-06,1,2019-01-13,1,1,COMPLETED
15,17,202,2019-01-07,1,2019-01-24,0,1,COMPLETED
16,70,98,2019-01-09,1,2019-02-05,0,1,COMPLETED
17,9,103,2019-01-09,1,2019-01-26,1,1,COMPLETED
18,62,66,2019-01-11,1,2019-02-07,1,1,COMPLETED
19,60,21,2019-01-12,1,2019-01-21,0,1,COMPLETED
20,5,147,2019-01-12,1,2019-01-30,0,1,COMPLETED
21,68,193,2019-01-12,1,2019-02-04,0,1,COMPLETED
22,16,47,2019-01-13,1,2019-02-04,0,1,COMPLETED
23,45,65,2019-01-14,1,2019-02-07,1,1,COMPLETED
24,69,62,2019-01-15,1,2019-01-25,1,1,COMPLETED
25,59,97,2019-01-15,1,2019-01-31,0,1,COMPLETED
26,24,20,2019-01-15,1,2019-01-21,0,1,COMPLETED
27,40,122,2019-01-16,1,2019-02-02,0,1,COMPLETED
28,37,124,2019-01-17,1,2019-02-07,1,1,COMPLETED
29,43,168,2019-01-17,1,2019-02-15,0,1,COMPLETED
30,38,154,2019-01-18,1,2019-01-27,1,0,COMPLETED
31,44,8,2019-01-18,1,2019-01-25,0,1,COMPLETED
32,73,87,2019-01-19,1,2019-01-26,1,1,COMPLETED
33,49,83,2019-01-19,1,2019-02-09,0,1,COMPLETED
34,9,197,2019-01-19,1,2019-02-09,1,1,COMPLETED
35,59,104,2019-01-20,1,2019-02-12,1,1,COMPLETED
36,46,8,2019-01-21,1,2019-02-18,1,1,COMPLETED
37,11,172,2019-01-21,1,2019-02-14,1,1,COMPLETED
38,52,203,2019-01-22,1,2019-02-09,0,0,COMPLETED
39,42,170,2019-01-22,1,2019-02-14,0,1,COMPLETED
40,15,169,2019-01-23,1,2019-02-16,1,1,COMPLETED
41,58,171,2019-01-23,1,2019-02-04,1,0,COMPLETED
42,32,156,2019-01-24,1,2019-02-18,1,1,COMPLETED
43,53,40,2019-01-25,1,2019-02-03,0,0,COMPLETED
44,37,49,2019-01-25,1,2019-02-23,0,1,COMPLETED
45,59,138,2019-01-25,1,2019-02-01,0,1,COMPLETED
46,41,198,2019-01-25,1,2019-02-17,0,1,COMPLETED
47,47,31,2019-01-26,1,2019-02-03,0,1,COMPLETED
48,32,165,2019-01-28,1,2019-02-27,0,1,COMPLETED
49,34,58,2019-01-28,1,2019-02-03,1,1,COMPLETED
50,40,180,2019-01-30,1,2019-02-09,0,1,COMPLETED
51,32,85,2019-01-30,1,2019-02-28,0,1,COMPLETED
52,72,9,2019-01-31,1,2019-02-18,1,1,COMPLETED
53,10,113,2019-01-31,1,2019-02-16,1,1,COMPLETED
54,66,130,2019-02-01,1,2019-02-22,0,1,COMPLETED
55,15,58,2019-02-01,1,2019-02-10,0,1,COMPLETED
56,71,20,2019-02-02,1,2019-02-06,1,1,COMPLETED
57,74,120,2019-02-02,1,2019-02-28,0,1,COMPLETED
58,8,121,2019-02-02,1,2019-03-01,0,1,COMPLETED
59,14,97,2019-02-04,1,2019-03-01,0,1,COMPLETED
60,62,45,2019-02-04,1,2019-02-15,0,1,COMPLETED
61,46,185,2019-02-04,1,2019-02-19,1,1,COMPLETED
62,54,122,2019-02-05,1,2019-03-06,1,1,COMPLETED
63,21,85,2019-02-05,1,2019-02-20,1,1,COMPLETED
64,16,54,2019-02-06,1,2019-02-09,1,1,COMPLETED
65,39,86,2019-02-06,1,2019-02-28,0,1,COMPLETED
66,9,46,2019-02-07,1,2019-02-10,1,1,COMPLETED
67,59,82,2019-02-08,1,2019-02-16,1,1,COMPLETED
68,70,84,2019-02-09,1,2019-03-04,1,0,COMPLETED
69,25,40,2019-02-09,1,2019-02-14,1,1,COMPLETED
70,2,129,2019-02-10,1,2019-02-23,1,0,COMPLETED
71,62,147,2019-02-11,1,2019-03-12,0,1,COMPLETED
72,68,21,2019-02-12,1,2019-03-13,1,1,COMPLETED
73,39,114,2019-02-13,1,2019-03-06,1,1,COMPLETED
74,61,202,2019-02-13,1,2019-02-27,1,1,COMPLETED
75,2,205,2019-02-13,1,2019-03-01,1,1,COMPLETED
76,66,50,2019-02-15,1,2019-03-10,0,1,COMPLETED
77,10,27,2019-02-15,1,2019-03-17,0,1,COMPLETED
78,49,130,2019-02-15,1,2019-03-01,0,1,COMPLETED
79,58,162,2019-02-15,1,2019-02-26,1,1,COMPLETED
80,52,18,2019-02-16,1,2019-03-09,0,1,COMPLETED
81,34,15,2019-02-17,1,2019-03-07,0,1,COMPLETED
82,64,141,2019-02-17,0,2019-02-23,1,1,COMPLETED
83,48,27,2019-02-18,1,2019-03-17,1,1,COMPLETED
84,38,30,2019-02-18,1,2019-02-28,1,1,COMPLETED
85,54,188,2019-02-18,1,2019-03-12,1,1,COMPLETED
86,1,187,2019-02-19,1,2019-03-11,1,1,COMPLETED
87,73,100,2019-02-20,1,2019-02-23,0,1,COMPLETED
88,18,197,2019-02-22,1,2019-03-21,1,1,COMPLETED
89,15,94,2019-02-23,1,2019-03-23,0,1,COMPLETED
90,54,34,2019-02-24,1,2019-03-05,0,1,COMPLETED
91,35,198,2019-02-25,1,2019-03-09,1,1,COMPLETED
92,24,119,2019-02-25,1,2019-03-12,1,1,COMPLETED
93,23,51,2019-02-26,1,2019-03-15,1,1,COMPLETED
94,6,191,2019-02-26,1,2019-03-16,1,1,COMPLETED
95,1,66,2019-02-26,1,2019-03-11,1,1,COMPLETED
96,20,193,2019-02-27,1,2019-03-07,0,0,COMPLETED
97,61,74,2019-02-27,1,2019-03-21,0,0,COMPLETED
98,67,162,2019-02-27,1,2019-03-24,1,1,COMPLETED
99,27,113,2019-02-27,1,2019-03-27,0,0,COMPLETED
100,24,195,2019-02-28,1,2019-03-14,0,0,COMPLETED
101,40,134,2019-03-01,1,2019-03-04,1,1,COMPLETED
102,7,201,2019-03-01,1,2019-03-10,0,1,COMPLETED
103,37,166,2019-03-02,1,2019-03-14,1,1,COMPLETED
104,18,78,2019-03-03,1,2019-03-27,0,0,COMPLETED
105,65,118,2019-03-03,1,2019-03-28,0,0,COMPLETED
106,33,60,2019-03-04,1,2019-03-30,0,1,COMPLETED
107,17,74,2019-03-05,1,2019-03-09,1,0,COMPLETED
108,6,78,2019-03-05,1,2019-03-31,1,0,COMPLETED
109,13,156,2019-03-05,1,2019-03-28,0,1,COMPLETED
110,8,55,2019-03-05,1,2019-03-21,0,0,COMPLETED
111,43,92,2019-03-06,1,2019-04-02,1,1,COMPLETED
112,24,136,2019-03-07,1,2019-04-01,1,0,COMPLETED
113,35,68,2019-03-08,1,2019-03-14,0,1,COMPLETED
114,72,50,2019-03-09,1,2019-03-13,1,1,COMPLETED
115,41,120,2019-03-09,1,2019-04-04,0,1,COMPLETED
116,2,17,2019-03-09,1,2019-04-04,0,1,COMPLETED
117,58,196,2019-03-09,1,2019-04-07,1,1,COMPLETED
118,65,115,2019-03-10,1,2019-03-29,1,0,COMPLETED
119,45,79,2019-03-11,1,2019-04-09,1,0,COMPLETED
120,72,116,2019-03-13,1,2019-04-03,1,1,COMPLETED
121,49,3,2019-03-13,1,2019-03-27,1,0,COMPLETED
122,13,103,2019-03-13,1,2019-03-24,1,1,COMPLETED
123,51,205,2019-03-15,1,2019-04-03,0,0,COMPLETED
124,13,199,2019-03-15,1,2019-04-06,0,0,COMPLETED
125,73,108,2019-03-17,1,2019-04-12,0,0,COMPLETED
126,13,38,2019-03-17,1,2019-04-13,0,1,COMPLETED
127,5,143,2019-03-17,1,2019-04-14,0,1,COMPLETED
128,38,149,2019-03-18,1,2019-04-01,0,0,COMPLETED
129,68,3,2019-03-18,1,2019-04-16,1,0,COMPLETED
130,29,111,2019-03-18,1,2019-04-09,0,1,COMPLETED
131,12,28,2019-03-19,1,2019-03-26,1,1,COMPLETED
132,61,138,2019-03-20,1,2019-04-03,1,1,COMPLETED
133,26,25,2019-03-20,1,2019-03-26,0,0,COMPLETED
134,13,41,2019-03-20,1,2019-04-09,1,0,COMPLETED
135,39,193,2019-03-21,1,2019-04-05,1,1,COMPLETED
136,10,141,2019-03-21,1,2019-04-12,1,1,COMPLETED
137,54,18,2019-03-22,1,2019-04-09,0,0,COMPLETED
138,58,141,2019-03-22,1,2019-04-02,1,0,COMPLETED
139,59,185,2019-03-23,1,2019-04-03,0,1,COMPLETED
140,4,96,2019-03-24,1,2019-04-08,0,1,COMPLETED
141,8,30,2019-03-24,1,2019-04-17,0,1,COMPLETED
142,60,200,2019-03-26,1,2019-04-02,0,1,COMPLETED
143,72,108,2019-03-28,1,2019-04-15,0,0,COMPLETED
144,38,126,2019-03-28,1,2019-04-10,1,1,COMPLETED
145,45,149,2019-03-28,1,2019-04-17,0,0,COMPLETED
146,22,84,2019-03-28,1,2019-04-25,1,1,COMPLETED
147,15,131,2019-03-29,1,2019-04-19,1,0,COMPLETED
148,56,77,2019-03-29,1,2019-04-24,1,1,COMPLETED
149,59,94,2019-03-30,1,2019-04-25,1,1,COMPLETED
150,72,69,2019-03-30,1,2019-04-21,0,1,COMPLETED
151,65,188,2019-03-30,1,2019-04-25,0,0,COMPLETED
152,62,175,2019-03-30,1,2019-04-18,0,1,COMPLETED
153,7,33,2019-03-30,1,2019-04-05,0,0,COMPLETED
154,20,72,2019-03-31,1,2019-04-12,1,1,COMPLETED
155,74,140,2019-04-03,1,2019-04-14,1,0,COMPLETED
156,68,99,2019-04-03,1,2019-04-23,1,0,COMPLETED
157,74,107,2019-04-03,1,2019-04-18,1,1,COMPLETED
158,5,87,2019-04-04,1,2019-04-08,0,0,COMPLETED
159,63,136,2019-04-04,1,2019-04-09,0,0,COMPLETED
160,68,163,2019-04-04,1,2019-04-27,0,1,COMPLETED
161,30,37,2019-04-05,1,2019-05-05,0,1,COMPLETED
162,38,146,2019-04-05,1,2019-04-28,1,0,COMPLETED
163,69,145,2019-04-05,1,2019-04-26,1,1,COMPLETED
164,10,108,2019-04-06,1,2019-04-15,1,1,COMPLETED
165,43,165,2019-04-06,1,2019-05-03,0,1,COMPLETED
166,28,80,2019-04-07,1,2019-04-25,1,1,COMPLETED
167,48,1,2019-04-07,1,2019-04-18,1,1,COMPLETED
168,57,154,2019-04-08,1,2019-05-05,1,1,COMPLETED
169,69,150,2019-04-09,1,2019-04-18,1,1,COMPLETED
170,12,17,2019-04-09,1,2019-05-06,0,0,COMPLETED
171,48,51,2019-04-11,1,2019-04-17,1,0,COMPLETED
172,39,11,2019-04-11,1,2019-04-26,0,0,COMPLETED
173,66,22,2019-04-11,1,2019-04-24,1,1,COMPLETED
174,2,193,2019-04-12,1,2019-04-19,0,0,COMPLETED
175,8,79,2019-04-13,1,2019-05-04,0,0,COMPLETED
176,54,158,2019-04-13,1,2019-04-30,0,0,COMPLETED
177,57,9,2019-04-13,1,2019-04-22,0,0,COMPLETED
178,43,19,2019-04-14,1,2019-04-26,1,0,COMPLETED
179,58,119,2019-04-14,1,2019-04-23,0,1,COMPLETED
180,59,153,2019-04-16,1,2019-05-12,1,1,COMPLETED
181,18,32,2019-04-16,1,2019-04-22,0,1,COMPLETED
182,55,67,2019-04-17,1,2019-05-14,0,1,COMPLETED
183,74,201,2019-04-18,1,2019-04-21,1,1,COMPLETED
184,8,136,2019-04-18,1,2019-05-03,0,0,COMPLETED
185,61,196,2019-04-19,1,2019-05-15,0,0,COMPLETED
186,22,25,2019-04-20,1,2019-05-10,1,1,COMPLETED
187,48,88,2019-04-20,1,2019-05-04,0,0,COMPLETED
188,65,140,2019-04-20,1,2019-05-16,1,0,COMPLETED
189,31,105,2019-04-21,1,2019-05-15,0,0,COMPLETED
190,47,35,2019-04-21,1,2019-05-18,1,1,COMPLETED
191,5,86,2019-04-21,1,2019-05-05,1,0,COMPLETED
192,65,131,2019-04-23,1,2019-05-14,0,1,COMPLETED
193,22,39,2019-04-23,0,2019-05-20,0,0,COMPLETED
194,33,29,2019-04-24,1,2019-05-09,0,1,COMPLETED
195,50,115,2019-04-24,0,2019-05-14,0,1,COMPLETED
196,36,164,2019-04-24,1,2019-05-01,0,0,COMPLETED
197,64,155,2019-04-27,1,2019-05-24,0,1,COMPLETED
198,42,48,2019-04-27,1,2019-05-11,1,1,COMPLETED
199,48,24,2019-04-27,1,2019-05-06,1,1,COMPLETED
200,63,54,2019-04-27,1,2019-05-24,0,0,COMPLETED
201,43,69,2019-04-28,1,2019-05-18,1,1,COMPLETED
202,39,113,2019-04-30,1,2019-05-09,0,0,COMPLETED
203,35,197,2019-04-30,1,2019-05-08,0,0,COMPLETED
204,38,131,2019-05-02,1,2019-06-01,1,0,COMPLETED
205,7,118,2019-05-04,1,2019-05-27,0,1,COMPLETED
206,65,18,2019-05-04,1,2019-05-18,1,0,COMPLETED
207,50,164,2019-05-04,1,2019-05-29,1,0,COMPLETED
208,34,155,2019-05-04,1,2019-05-29,0,1,COMPLETED
209,67,76,2019-05-05,1,2019-05-24,0,0,COMPLETED
210,19,50,2019-05-05,1,2019-05-11,1,1,COMPLETED
211,3,38,2019-05-06,1,2019-05-18,0,1,COMPLETED
212,5,33,2019-05-06,1,2019-05-27,0,1,COMPLETED
213,32,201,2019-05-07,1,2019-05-25,0,1,COMPLETED
214,56,71,2019-05-09,1,2019-05-25,1,0,COMPLETED
215,2,40,2019-05-09,1,2019-05-26,1,1,COMPLETED
216,74,146,2019-05-09,1,2019-06-04,1,1,COMPLETED
217,5,4,2019-05-09,1,2019-05-28,1,1,COMPLETED
218,63,124,2019-05-09,1,2019-05-24,1,1,COMPLETED
219,32,77,2019-05-11,1,2019-05-17,0,1,COMPLETED
220,51,73,2019-05-12,1,2019-06-07,0,0,COMPLETED
221,59,182,2019-05-12,1,2019-06-10,1,0,COMPLETED
222,16,139,2019-05-13,1,2019-05-19,0,1,COMPLETED
223,26,52,2019-05-13,1,2019-05-30,0,1,COMPLETED
224,73,180,2019-05-14,1,2019-06-06,0,0,COMPLETED
225,28,140,2019-05-15,1,2019-05-23,0,0,COMPLETED
226,73,192,2019-05-16,1,2019-06-12,0,0,COMPLETED
227,19,109,2019-05-16,1,2019-06-09,0,0,COMPLETED
228,64,151,2019-05-17,1,2019-06-07,0,0,COMPLETED
229,47,182,2019-05-17,1,2019-05-22,0,1,COMPLETED
230,44,13,2019-05-18,1,2019-06-15,1,0,COMPLETED
231,74,194,2019-05-18,1,2019-05-25,0,1,COMPLETED
232,2,104,2019-05-19,1,2019-06-10,0,0,COMPLETED
233,34,14,2019-05-19,1,2019-06-05,1,0,COMPLETED
234,31,125,2019-05-21,1,2019-05-27,1,1,COMPLETED
235,27,81,2019-05-21,1,2019-05-27,0,1,COMPLETED
236,3,22,2019-05-22,1,2019-05-29,1,0,COMPLETED
237,64,173,2019-05-23,1,2019-06-08,1,1,COMPLETED
238,12,178,2019-05-23,1,2019-05-31,1,0,COMPLETED
239,46,133,2019-05-24,1,2019-06-12,1,0,COMPLETED
240,19,84,2019-05-27,1,2019-06-22,1,0,COMPLETED
241,41,80,2019-05-27,1,2019-06-05,0,0,COMPLETED
242,71,5,2019-05-28,1,2019-06-04,1,1,COMPLETED
243,66,18,2019-05-29,1,2019-06-02,0,1,COMPLETED
244,55,35,2019-05-29,1,2019-06-21,1,1,COMPLETED
245,36,119,2019-05-29,1,2019-06-19,1,1,COMPLETED
246,2,108,2019-05-30,1,2019-06-17,1,0,COMPLETED
247,38,195,2019-05-30,1,2019-06-11,1,0,COMPLETED
248,22,156,2019-05-30,1,2019-06-28,0,0,COMPLETED
249,42,80,2019-05-31,1,2019-06-30,1,1,COMPLETED
250,74,206,2019-06-01,1,2019-06-20,0,1,COMPLETED
251,35,2,2019-06-01,1,2019-06-11,1,1,COMPLETED
252,21,144,2019-06-02,1,2019-06-30,0,0,COMPLETED
253,29,204,2019-06-04,1,2019-06-12,0,1,COMPLETED
254,37,59,2019-06-05,1,2019-06-12,1,1,COMPLETED
255,66,181,2019-06-06,1,2019-07-06,0,0,COMPLETED
256,24,44,2019-06-08,1,2019-06-11,0,0,COMPLETED
257,64,120,2019-06-08,1,2019-07-04,1,0,COMPLETED
258,21,41,2019-06-08,1,2019-06-16,1,0,COMPLETED
259,13,191,2019-06-09,1,2019-07-04,0,1,COMPLETED
260,35,106,2019-06-09,1,2019-06-29,0,1,COMPLETED
261,24,18,2019-06-09,1,2019-06-22,1,0,COMPLETED
262,57,10,2019-06-09,1,2019-06-18,0,0,COMPLETED
263,46,62,2019-06-10,1,2019-07-08,1,0,COMPLETED
264,51,20,2019-06-10,1,2019-07-07,0,0,COMPLETED
265,52,151,2019-06-11,1,2019-06-16,0,1,COMPLETED
266,21,198,2019-06-12,1,2019-07-05,1,0,COMPLETED
267,50,31,2019-06-12,1,2019-07-08,1,0,COMPLETED
268,17,108,2019-06-13,1,2019-06-16,1,0,COMPLETED
269,9,12,2019-06-15,1,2019-06-22,0,1,COMPLETED
270,24,41,2019-06-15,1,2019-06-21,1,1,COMPLETED
271,70,176,2019-06-15,1,2019-07-05,0,1,COMPLETED
272,4,84,2019-06-16,1,2019-07-14,0,0,COMPLETED
273,45,21,2019-06-16,1,2019-06-25,1,1,COMPLETED
274,24,66,2019-06-17,1,2019-06-27,1,1,COMPLETED
275,31,68,2019-06-17,1,2019-06-22,0,0,COMPLETED
276,56,77,2019-06-17,1,2019-07-02,1,1,COMPLETED
277,53,39,2019-06-18,1,2019-06-24,0,0,COMPLETED
278,44,41,2019-06-20,1,2019-06-26,0,1,COMPLETED
279,38,105,2019-06-21,1,2019-06-25,0,0,COMPLETED
280,15,12,2019-06-21,1,2019-06-25,0,0,COMPLETED
281,29,57,2019-06-22,1,2019-07-21,1,1,COMPLETED
282,48,42,2019-06-23,1,2019-07-19,0,0,COMPLETED
283,8,23,2019-06-24,1,2019-07-18,1,1,COMPLETED
284,73,125,2019-06-25,1,2019-06-28,0,1,COMPLETED
285,34,46,2019-06-26,1,2019-07-15,0,0,COMPLETED
286,57,33,2019-06-26,1,2019-07-22,1,0,COMPLETED
287,41,198,2019-06-27,1,2019-07-14,1,0,COMPLETED
288,60,156,2019-06-28,1,2019-07-04,1,1,COMPLETED
289,26,85,2019-06-28,1,2019-07-15,1,0,COMPLETED
290,58,47,2019-06-28,1,2019-07-03,1,0,COMPLETED
291,46,154,2019-06-28,1,2019-07-02,1,1,COMPLETED
292,34,76,2019-06-30,1,2019-07-09,1,0,COMPLETED
293,55,142,2019-06-30,1,2019-07-11,1,0,COMPLETED
294,43,149,2019-06-30,1,2019-07-19,1,1,COMPLETED
295,72,23,2019-06-30,1,2019-07-05,1,0,COMPLETED
296,65,23,2019-07-01,1,2019-07-05,1,1,COMPLETED
297,61,63,2019-07-01,1,2019-07-26,0,0,COMPLETED
298,65,69,2019-07-02,1,2019-07-19,0,1,COMPLETED
299,7,99,2019-07-02,1,2019-07-13,0,0,COMPLETED
300,35,5,2019-07-03,1,2019-08-01,0,1,COMPLETED
301,8,208,2019-07-03,1,2019-07-09,1,1,COMPLETED
302,57,194,2019-07-04,1,2019-07-11,1,1,COMPLETED
303,66,114,2019-07-04,1,2019-07-28,0,0,COMPLETED
304,52,25,2019-07-04,1,2019-07-11,1,0,COMPLETED
305,25,140,2019-07-05,1,2019-07-08,1,1,COMPLETED
306,8,78,2019-07-07,1,2019-08-01,1,0,COMPLETED
307,74,47,2019-07-07,1,2019-08-03,1,1,COMPLETED
308,49,46,2019-07-09,1,2019-07-15,0,1,COMPLETED
309,10,131,2019-07-09,1,2019-08-05,1,0,COMPLETED
310,30,5,2019-07-09,1,2019-07-30,1,0,COMPLETED
311,55,141,2019-07-09,1,2019-07-24,1,1,COMPLETED
312,35,17,2019-07-10,1,2019-07-16,1,0,COMPLETED
313,3,84,2019-07-11,1,2019-08-04,0,1,COMPLETED
314,12,69,2019-07-11,1,2019-08-08,0,1,COMPLETED
315,17,181,2019-07-12,1,2019-08-02,0,1,COMPLETED
316,71,60,2019-07-13,1,2019-07-27,0,1,COMPLETED
317,67,91,2019-07-13,1,2019-07-17,0,1,COMPLETED
318,16,34,2019-07-13,1,2019-08-05,1,1,COMPLETED
319,3,199,2019-07-14,1,2019-07-24,0,0,COMPLETED
320,69,94,2019-07-14,1,2019-07-25,1,0,COMPLETED
321,66,160,2019-07-14,1,2019-08-11,0,1,COMPLETED
322,27,159,2019-07-15,1,2019-07-19,1,1,COMPLETED
323,54,30,2019-07-15,1,2019-07-29,1,1,COMPLETED
324,60,2,2019-07-16,1,2019-08-09,1,1,COMPLETED
325,61,11,2019-07-16,1,2019-07-22,1,1,COMPLETED
326,49,140,2019-07-17,1,2019-08-09,0,0,COMPLETED
327,28,96,2019-07-17,1,2019-08-09,0,0,COMPLETED
328,46,77,2019-07-18,1,2019-08-10,0,0,COMPLETED
329,66,173,2019-07-18,1,2019-08-02,1,1,COMPLETED
330,8,137,2019-07-18,1,2019-08-17,1,1,COMPLETED
331,2,23,2019-07-19,1,2019-08-06,0,1,COMPLETED
332,4,24,2019-07-19,1,2019-08-17,1,0,COMPLETED
333,9,201,2019-07-20,1,2019-08-07,0,1,COMPLETED
334,29,57,2019-07-20,1,2019-08-13,0,0,COMPLETED
335,21,111,2019-07-21,1,2019-08-08,1,0,COMPLETED
336,57,164,2019-07-23,1,2019-08-18,0,0,COMPLETED
337,52,119,2019-07-23,1,2019-08-10,1,1,COMPLETED
338,34,172,2019-07-23,1,2019-08-19,0,0,COMPLETED
339,49,96,2019-07-25,1,2019-08-05,0,1,COMPLETED
340,51,20,2019-07-25,1,2019-07-30,1,1,COMPLETED
341,22,122,2019-07-26,1,2019-07-31,1,1,COMPLETED
342,25,65,2019-07-26,1,2019-07-29,0,1,COMPLETED
343,2,90,2019-07-27,1,2019-08-25,0,0,COMPLETED
344,55,86,2019-07-28,1,2019-08-15,1,0,COMPLETED
345,58,83,2019-07-28,1,2019-08-03,0,0,COMPLETED
346,15,97,2019-07-29,1,2019-08-18,1,0,COMPLETED
347,48,63,2019-07-29,1,2019-08-02,0,1,COMPLETED
348,55,30,2019-07-29,1,2019-08-05,0,0,COMPLETED
349,10,100,2019-07-29,1,2019-08-14,1,1,COMPLETED
350,48,16,2019-07-31,1,2019-08-12,0,0,COMPLETED
351,36,38,2019-08-01,1,2019-08-14,0,1,COMPLETED
352,45,185,2019-08-01,1,2019-08-26,1,1,COMPLETED
353,30,21,2019-08-01,1,2019-08-29,1,1,COMPLETED
354,62,126,2019-08-01,1,2019-08-08,0,1,COMPLETED
355,11,35,2019-08-01,1,2019-08-14,1,0,COMPLETED
356,44,58,2019-08-02,1,2019-08-27,0,1,COMPLETED
357,35,121,2019-08-02,1,2019-08-09,1,1,COMPLETED
358,3,127,2019-08-03,0,2019-08-09,0,0,COMPLETED
359,46,205,2019-08-04,1,2019-08-30,0,0,COMPLETED
360,25,4,2019-08-06,1,2019-08-10,0,1,COMPLETED
361,2,96,2019-08-06,1,2019-08-24,0,1,COMPLETED
362,74,91,2019-08-07,1,2019-08-15,0,1,COMPLETED
363,12,57,2019-08-08,1,2019-09-03,0,0,COMPLETED
364,60,19,2019-08-08,1,2019-08-25,1,0,COMPLETED
365,36,17,2019-08-09,1,2019-08-13,1,0,COMPLETED
366,28,137,2019-08-10,1,2019-08-27,1,0,COMPLETED
367,18,196,2019-08-10,1,2019-08-15,0,1,COMPLETED
368,43,177,2019-08-10,1,2019-09-01,0,1,COMPLETED
369,58,203,2019-08-11,1,2019-09-03,0,1,COMPLETED
370,37,178,2019-08-11,1,2019-08-24,1,1,COMPLETED
371,64,84,2019-08-11,1,2019-08-15,0,1,COMPLETED
372,11,114,2019-08-12,1,2019-09-08,0,0,COMPLETED
373,21,38,2019-08-12,1,2019-09-06,0,1,COMPLETED
374,46,141,2019-08-12,1,2019-08-29,1,0,COMPLETED
375,3,202,2019-08-14,1,2019-08-26,0,0,COMPLETED
376,10,199,2019-08-15,1,2019-08-29,1,0,COMPLETED
377,17,103,2019-08-15,1,2019-09-06,1,0,COMPLETED
378,69,145,2019-08-15,1,2019-08-19,1,0,COMPLETED
379,67,191,2019-08-19,1,2019-09-05,0,1,COMPLETED
380,19,168,2019-08-19,1,2019-09-18,1,1,COMPLETED
381,16,20,2019-08-19,1,2019-09-02,0,0,COMPLETED
382,27,206,2019-08-21,1,2019-09-20,0,1,COMPLETED
383,13,17,2019-08-22,1,2019-08-26,0,0,COMPLETED
384,29,60,2019-08-23,1,2019-09-14,0,0,COMPLETED
385,28,149,2019-08-24,1,2019-08-27,1,1,COMPLETED
386,43,92,2019-08-24,1,2019-09-20,0,0,COMPLETED
387,62,141,2019-08-24,1,2019-09-11,0,1,COMPLETED
388,33,15,2019-08-26,1,2019-09-20,0,1,COMPLETED
389,61,174,2019-08-26,1,2019-09-05,1,1,COMPLETED
390,39,107,2019-08-26,1,2019-08-30,0,0,COMPLETED
391,53,101,2019-08-27,1,2019-09-07,1,0,COMPLETED
392,43,72,2019-08-27,1,2019-09-06,1,0,COMPLETED
393,4,158,2019-08-27,1,2019-09-21,0,0,COMPLETED
394,68,83,2019-08-28,1,2019-09-02,1,0,COMPLETED
395,28,202,2019-08-29,1,2019-09-05,1,1,COMPLETED
396,17,163,2019-08-30,1,2019-09-23,0,0,COMPLETED
397,59,154,2019-08-31,1,2019-09-29,1,0,COMPLETED
398,15,159,2019-09-01,1,2019-09-26,0,1,COMPLETED
399,71,38,2019-09-01,1,2019-09-28,0,0,COMPLETED
400,40,125,2019-09-01,1,2019-10-01,0,1,COMPLETED
401,51,80,2019-09-02,1,2019-10-02,0,1,COMPLETED
402,9,140,2019-09-03,1,2019-09-06,1,1,COMPLETED
403,24,153,2019-09-03,1,2019-09-13,0,0,COMPLETED
404,65,175,2019-09-04,1,2019-10-02,1,1,COMPLETED
405,9,160,2019-09-04,1,2019-09-19,1,0,COMPLETED
406,30,183,2019-09-04,1,2019-09-13,0,1,COMPLETED
407,14,194,2019-09-06,1,2019-09-10,0,0,COMPLETED
408,12,81,2019-09-07,1,2019-09-28,1,1,COMPLETED
409,13,105,2019-09-07,1,2019-09-29,1,0,COMPLETED
410,26,78,2019-09-07,1,2019-09-20,1,0,COMPLETED
411,16,126,2019-09-07,1,2019-09-25,0,0,COMPLETED
412,65,115,2019-09-08,1,2019-09-24,1,1,COMPLETED
413,13,4,2019-09-08,1,2019-09-25,1,0,COMPLETED
414,25,207,2019-09-08,1,2019-09-23,1,0,COMPLETED
415,38,169,2019-09-09,1,2019-09-25,0,1,COMPLETED
416,67,155,2019-09-09,1,2019-09-28,1,0,COMPLETED
417,55,8,2019-09-09,1,2019-09-20,1,1,COMPLETED
418,38,194,2019-09-11,1,2019-09-23,1,0,COMPLETED
419,5,126,2019-09-11,1,2019-09-20,0,1,COMPLETED
420,14,101,2019-09-12,1,2019-09-30,1,0,COMPLETED
421,46,198,2019-09-13,1,2019-10-05,1,1,COMPLETED
422,41,41,2019-09-13,1,2019-10-13,1,0,COMPLETED
423,2,171,2019-09-14,1,2019-09-25,1,0,COMPLETED
424,6,177,2019-09-15,1,2019-10-14,1,1,COMPLETED
425,39,66,2019-09-15,1,2019-09-18,0,0,COMPLETED
426,9,85,2019-09-15,1,2019-09-22,1,1,COMPLETED
427,58,107,2019-09-15,1,2019-10-13,0,1,COMPLETED
428,52,112,2019-09-15,1,2019-09-27,1,1,COMPLETED
429,33,72,2019-09-16,1,2019-09-27,0,0,COMPLETED
430,71,172,2019-09-17,1,2019-10-15,0,0,COMPLETED
431,67,26,2019-09-18,1,2019-09-24,1,0,COMPLETED
432,48,17,2019-09-18,1,2019-09-29,0,0,COMPLETED
433,32,111,2019-09-18,1,2019-09-24,0,0,COMPLETED
434,6,46,2019-09-19,1,2019-10-03,1,0,COMPLETED
435,16,53,2019-09-19,1,2019-09-27,1,0,COMPLETED
436,15,160,2019-09-19,1,2019-09-27,0,0,COMPLETED
437,18,199,2019-09-19,1,2019-10-13,1,1,COMPLETED
438,45,196,2019-09-20,1,2019-10-09,0,0,COMPLETED
439,61,189,2019-09-20,1,2019-09-28,1,1,COMPLETED
440,59,179,2019-09-20,1,2019-10-15,1,0,COMPLETED
441,52,207,2019-09-20,1,2019-10-19,1,1,COMPLETED
442,66,135,2019-09-20,1,2019-10-08,1,1,COMPLETED
443,52,165,2019-09-21,1,2019-10-13,1,1,COMPLETED
444,63,176,2019-09-21,1,2019-10-06,1,0,COMPLETED
445,50,68,2019-09-22,1,2019-10-15,1,0,COMPLETED
446,47,24,2019-09-22,1,2019-10-02,1,0,COMPLETED
447,29,12,2019-09-23,1,2019-10-04,1,0,COMPLETED
448,36,158,2019-09-24,1,2019-10-23,1,0,COMPLETED
449,73,28,2019-09-26,1,2019-10-05,1,1,COMPLETED
450,23,7,2019-09-26,1,2019-10-18,1,1,COMPLETED
451,55,83,2019-09-27,1,2019-10-08,0,1,COMPLETED
452,64,52,2019-09-28,1,2019-10-10,0,1,COMPLETED
453,71,69,2019-09-28,1,2019-10-28,0,0,COMPLETED
454,3,208,2019-09-29,1,2019-10-14,1,0,COMPLETED
455,39,3,2019-10-01,1,2019-10-15,0,0,COMPLETED
456,66,113,2019-10-01,1,2019-10-31,0,0,COMPLETED
457,64,114,2019-10-02,1,2019-10-06,0,1,COMPLETED
458,34,123,2019-10-03,1,2019-10-25,1,1,COMPLETED
459,9,62,2019-10-03,1,2019-10-30,1,1,COMPLETED
460,73,89,2019-10-04,1,2019-10-14,0,0,COMPLETED
461,25,64,2019-10-04,1,2019-10-07,0,1,COMPLETED
462,61,43,2019-10-04,1,2019-10-14,1,1,COMPLETED
463,16,109,2019-10-04,1,2019-10-15,0,0,COMPLETED
464,24,36,2019-10-05,1,2019-10-08,0,1,COMPLETED
465,24,106,2019-10-05,1,2019-10-26,0,0,COMPLETED
466,21,27,2019-10-06,1,2019-11-04,0,1,COMPLETED
467,41,205,2019-10-07,1,2019-10-15,0,1,COMPLETED
468,69,135,2019-10-07,1,2019-10-25,1,1,COMPLETED
469,23,189,2019-10-08,1,2019-10-13,0,0,COMPLETED
470,71,109,2019-10-08,1,2019-10-15,0,0,COMPLETED
471,55,41,2019-10-08,1,2019-10-20,0,0,COMPLETED
472,62,188,2019-10-09,1,2019-10-31,1,0,COMPLETED
473,38,156,2019-10-09,1,2019-10-14,0,0,COMPLETED
474,26,47,2019-10-10,1,2019-10-29,1,0,COMPLETED
475,64,175,2019-10-10,1,2019-10-21,1,0,COMPLETED
476,69,48,2019-10-11,1,2019-10-27,1,0,COMPLETED
477,65,13,2019-10-12,1,2019-10-30,1,1,COMPLETED
478,2,101,2019-10-13,1,2019-10-19,0,1,COMPLETED
479,43,18,2019-10-14,1,2019-10-21,1,1,COMPLETED
480,10,200,2019-10-14,1,2019-10-28,1,0,COMPLETED
481,44,98,2019-10-14,1,2019-10-17,1,1,COMPLETED
482,55,126,2019-10-14,1,2019-11-09,0,0,COMPLETED
483,71,156,2019-10-15,1,2019-11-01,0,1,COMPLETED
484,67,74,2019-10-15,1,2019-10-18,1,1,COMPLETED
485,9,116,2019-10-15,1,2019-10-31,1,1,COMPLETED
486,48,165,2019-10-15,1,2019-11-12,1,1,COMPLETED
487,34,131,2019-10-16,1,2019-11-03,1,1,COMPLETED
488,74,112,2019-10-17,1,2019-10-29,1,1,COMPLETED
489,68,164,2019-10-18,1,2019-10-30,0,1,COMPLETED
490,33,154,2019-10-18,1,2019-11-09,1,1,COMPLETED
491,25,171,2019-10-18,1,2019-11-01,1,0,COMPLETED
492,2,151,2019-10-21,1,2019-11-07,1,1,COMPLETED
493,66,52,2019-10-21,1,2019-10-29,0,1,COMPLETED
494,67,34,2019-10-22,1,2019-11-18,0,1,COMPLETED
495,20,150,2019-10-24,1,2019-11-18,1,1,COMPLETED
496,31,5,2019-10-25,1,2019-11-15,1,0,COMPLETED
497,35,31,2019-10-25,1,2019-11-23,0,1,COMPLETED
498,25,192,2019-10-26,1,2019-11-05,1,1,COMPLETED
499,69,108,2019-10-27,1,2019-11-02,0,1,COMPLETED
500,53,134,2019-10-28,1,2019-11-19,0,0,COMPLETED
501,22,189,2019-10-28,1,2019-11-14,0,1,COMPLETED
502,31,111,2019-10-28,1,2019-11-21,1,0,COMPLETED
503,59,164,2019-10-29,1,2019-11-05,0,0,COMPLETED
504,42,137,2019-10-29,1,2019-11-22,1,0,COMPLETED
505,35,99,2019-10-29,1,2019-11-25,0,0,COMPLETED
506,72,82,2019-10-29,1,2019-11-22,1,1,COMPLETED
507,24,150,2019-10-30,1,2019-11-04,0,0,COMPLETED
508,19,83,2019-10-31,1,2019-11-28,0,1,COMPLETED
509,37,12,2019-10-31,1,2019-11-12,0,1,COMPLETED
510,70,159,2019-11-01,1,2019-11-15,0,1,COMPLETED
511,40,9,2019-11-02,1,2019-11-25,0,0,COMPLETED
512,51,30,2019-11-02,1,2019-11-16,0,0,COMPLETED
513,52,191,2019-11-02,1,2019-11-08,1,1,COMPLETED
514,35,44,2019-11-03,1,2019-11-15,0,1,COMPLETED
515,55,115,2019-11-03,1,2019-11-24,0,1,COMPLETED
516,43,2,2019-11-03,1,2019-11-18,1,0,COMPLETED
517,62,113,2019-11-04,1,2019-11-26,1,0,COMPLETED
518,20,48,2019-11-04,1,2019-12-02,1,1,COMPLETED
519,6,81,2019-11-04,1,2019-11-27,0,0,COMPLETED
520,66,180,2019-11-04,1,2019-11-15,1,1,COMPLETED
521,44,123,2019-11-05,1,2019-11-14,0,1,COMPLETED
522,31,199,2019-11-06,1,2019-11-25,1,0,COMPLETED
523,34,207,2019-11-07,1,2019-12-06,0,0,COMPLETED
524,71,132,2019-11-07,1,2019-11-11,1,1,COMPLETED
525,20,108,2019-11-09,1,2019-11-30,0,0,COMPLETED
526,17,191,2019-11-10,1,2019-11-19,1,1,COMPLETED
527,47,120,2019-11-11,1,2019-12-10,0,0,COMPLETED
528,43,132,2019-11-11,1,2019-12-08,0,1,COMPLETED
529,36,143,2019-11-11,1,2019-12-09,1,1,COMPLETED
530,31,102,2019-11-12,1,2019-11-29,0,1,COMPLETED
531,26,126,2019-11-15,1,2019-12-08,0,1,COMPLETED
532,46,57,2019-11-15,1,2019-11-18,1,0,COMPLETED
533,59,25,2019-11-16,1,2019-12-14,0,0,COMPLETED
534,57,203,2019-11-16,1,2019-12-12,1,0,COMPLETED
535,68,126,2019-11-17,1,2019-12-07,1,0,COMPLETED
536,39,61,2019-11-17,1,2019-11-22,0,0,COMPLETED
537,39,154,2019-11-18,1,2019-11-21,0,1,COMPLETED
538,63,62,2019-11-19,1,2019-11-29,1,0,COMPLETED
539,57,185,2019-11-19,1,2019-12-09,1,1,COMPLETED
540,38,116,2019-11-20,1,2019-12-17,0,1,COMPLETED
541,21,17,2019-11-21,1,2019-11-24,0,1,COMPLETED
542,44,171,2019-11-22,1,2019-11-28,1,0,COMPLETED
543,35,111,2019-11-23,1,2019-12-11,1,0,COMPLETED
544,14,105,2019-11-23,1,2019-11-30,0,0,COMPLETED
545,71,6,2019-11-23,1,2019-12-23,1,1,COMPLETED
546,70,47,2019-11-24,1,2019-12-10,0,1,COMPLETED
547,9,22,2019-11-25,1,2019-12-09,1,1,COMPLETED
548,53,157,2019-11-26,1,2019-12-04,1,0,COMPLETED
549,50,202,2019-11-27,1,2019-12-03,0,1,COMPLETED
550,56,46,2019-11-28,1,2019-12-18,0,1,COMPLETED
551,56,11,2019-11-28,1,2019-12-11,0,1,COMPLETED
552,53,106,2019-11-29,1,2019-12-04,0,0,COMPLETED
553,62,71,2019-11-30,1,2019-12-03,1,1,COMPLETED
554,9,115,2019-12-01,1,2019-12-28,1,0,COMPLETED
555,50,129,2019-12-01,1,2019-12-22,0,1,COMPLETED
556,29,55,2019-12-02,1,2019-12-06,1,1,COMPLETED
557,66,182,2019-12-02,1,2019-12-28,0,0,COMPLETED
558,3,203,2019-12-03,1,2019-12-11,1,0,COMPLETED
559,11,131,2019-12-03,1,2019-12-13,0,0,COMPLETED
560,54,158,2019-12-04,1,2019-12-14,0,0,COMPLETED
561,43,128,2019-12-04,1,2020-01-03,1,0,COMPLETED
562,21,160,2019-12-04,1,2019-12-25,0,1,COMPLETED
563,31,204,2019-12-04,1,2019-12-22,1,0,COMPLETED
564,74,45,2019-12-04,1,2019-12-15,0,1,COMPLETED
565,41,137,2019-12-04,1,2019-12-21,1,1,COMPLETED
566,28,20,2019-12-05,1,2020-01-03,0,1,COMPLETED
567,21,5,2019-12-05,0,2019-12-13,0,1,COMPLETED
568,52,149,2019-12-06,0,2019-12-18,1,1,COMPLETED
569,52,36,2019-12-06,1,2019-12-11,0,0,COMPLETED
570,40,94,2019-12-06,1,2019-12-12,0,1,COMPLETED
571,16,95,2019-12-07,1,2019-12-15,0,0,COMPLETED
572,24,4,2019-12-07,1,2019-12-31,1,1,COMPLETED
573,38,34,2019-12-08,1,2019-12-21,0,0,COMPLETED
574,30,137,2019-12-08,1,2019-12-13,0,0,COMPLETED
575,35,85,2019-12-08,1,2019-12-30,1,0,COMPLETED
576,47,31,2019-12-08,1,2020-01-04,0,0,COMPLETED
577,51,110,2019-12-10,1,2019-12-13,1,0,COMPLETED
578,42,31,2019-12-10,1,2020-01-07,0,0,COMPLETED
579,31,129,2019-12-11,1,2019-12-19,0,1,COMPLETED
580,49,188,2019-12-11,0,2019-12-27,1,1,COMPLETED
581,56,201,2019-12-12,1,2019-12-24,0,0,COMPLETED
582,61,139,2019-12-12,1,2019-12-28,1,0,COMPLETED
583,24,111,2019-12-12,1,2020-01-01,0,1,COMPLETED
584,29,160,2019-12-13,1,2019-12-26,0,0,COMPLETED
585,65,8,2019-12-14,1,2020-01-08,1,1,COMPLETED
586,29,41,2019-12-16,1,2019-12-22,1,0,COMPLETED
587,51,44,2019-12-16,1,2019-12-31,1,1,COMPLETED
588,64,175,2019-12-17,1,2020-01-01,0,0,COMPLETED
589,12,109,2019-12-17,1,2020-01-15,1,0,COMPLETED
590,25,132,2019-12-17,1,2019-12-31,0,1,COMPLETED
591,25,119,2019-12-19,1,2020-01-16,0,1,COMPLETED
592,67,10,2019-12-20,1,2020-01-16,0,0,COMPLETED
593,61,177,2019-12-21,1,2019-12-29,1,0,COMPLETED
594,44,152,2019-12-21,1,2020-01-16,0,1,COMPLETED
595,60,100,2019-12-21,1,2020-01-17,1,1,COMPLETED
596,34,70,2019-12-22,1,2020-01-16,0,0,COMPLETED
597,20,183,2019-12-24,1,2020-01-03,0,0,COMPLETED
598,28,149,2019-12-24,1,2020-01-16,0,1,COMPLETED
599,53,123,2019-12-25,1,2020-01-09,1,1,COMPLETED
600,63,104,2019-12-26,1,2020-01-06,1,0,COMPLETED
601,39,194,2019-12-27,1,2020-01-17,1,0,COMPLETED
602,69,107,2019-12-27,1,2020-01-07,0,0,COMPLETED
603,36,124,2019-12-27,1,2020-01-23,1,0,COMPLETED
604,66,10,2019-12-28,1,2020-01-20,0,1,COMPLETED
605,71,46,2019-12-28,1,2020-01-24,0,0,COMPLETED
606,48,124,2019-12-29,1,2020-01-11,0,0,COMPLETED
607,12,177,2019-12-29,1,2020-01-06,0,0,COMPLETED
608,63,176,2019-12-30,1,2020-01-27,1,0,COMPLETED
609,24,24,2019-12-30,1,2020-01-28,0,0,COMPLETED
610,11,46,2019-12-30,1,2020-01-04,1,0,COMPLETED
611,57,183,2019-12-31,1,2020-01-08,0,1,COMPLETED
612,33,41,2020-01-01,1,2020-01-15,0,1,COMPLETED
613,48,206,2020-01-01,1,2020-01-11,0,0,COMPLETED
614,24,98,2020-01-02,1,2020-01-11,1,1,COMPLETED
615,42,58,2020-01-02,1,2020-01-10,0,1,COMPLETED
616,12,167,2020-01-04,1,2020-01-18,0,0,COMPLETED
617,49,84,2020-01-05,1,2020-02-04,1,1,COMPLETED
618,17,60,2020-01-06,1,2020-01-15,0,1,COMPLETED
619,27,2,2020-01-06,1,2020-01-14,0,1,COMPLETED
620,51,41,2020-01-06,1,2020-01-26,0,0,COMPLETED
621,35,64,2020-01-06,1,2020-01-15,1,1,COMPLETED
622,50,173,2020-01-07,1,2020-01-28,0,1,COMPLETED
623,5,186,2020-01-08,1,2020-01-24,1,1,COMPLETED
624,19,83,2020-01-08,1,2020-01-24,0,1,COMPLETED
625,49,20,2020-01-10,1,2020-01-27,0,1,COMPLETED
626,37,118,2020-01-10,1,2020-01-23,0,0,COMPLETED
627,62,75,2020-01-11,1,2020-02-10,0,1,COMPLETED
628,25,203,2020-01-11,1,2020-01-29,0,1,COMPLETED
629,51,188,2020-01-11,1,2020-01-18,1,0,COMPLETED
630,73,180,2020-01-13,1,2020-02-05,1,1,COMPLETED
631,35,11,2020-01-14,1,2020-02-08,0,0,COMPLETED
632,8,17,2020-01-14,1,2020-01-23,0,0,COMPLETED
633,39,80,2020-01-14,1,2020-02-08,1,1,COMPLETED
634,31,64,2020-01-15,1,2020-02-13,1,0,COMPLETED
635,67,37,2020-01-15,1,2020-02-13,0,1,COMPLETED
636,64,201,2020-01-15,1,2020-02-07,0,1,COMPLETED
637,71,187,2020-01-16,1,2020-01-30,1,0,COMPLETED
638,26,142,2020-01-16,1,2020-02-07,1,0,COMPLETED
639,24,138,2020-01-16,1,2020-02-15,1,1,COMPLETED
640,51,7,2020-01-16,1,2020-02-10,1,0,COMPLETED
641,2,88,2020-01-17,1,2020-01-26,1,0,COMPLETED
642,46,44,2020-01-17,1,2020-01-31,1,1,COMPLETED
643,70,54,2020-01-17,1,2020-02-14,0,0,COMPLETED
644,21,148,2020-01-21,1,2020-02-02,0,0,COMPLETED
645,42,7,2020-01-21,1,2020-02-12,0,0,COMPLETED
646,54,156,2020-01-21,1,2020-01-24,1,1,COMPLETED
647,11,183,2020-01-22,1,2020-01-27,0,0,COMPLETED
648,20,91,2020-01-22,1,2020-01-29,0,1,COMPLETED
649,40,39,2020-01-22,1,2020-02-17,1,0,COMPLETED
650,71,132,2020-01-22,1,2020-02-18,1,1,COMPLETED
651,37,52,2020-01-23,1,2020-01-29,1,1,COMPLETED
652,67,100,2020-01-23,1,2020-02-11,1,0,COMPLETED
653,33,42,2020-01-23,1,2020-02-12,1,0,COMPLETED
654,10,34,2020-01-24,1,2020-02-16,0,0,COMPLETED
655,27,178,2020-01-24,1,2020-01-29,1,1,COMPLETED
656,31,125,2020-01-26,1,2020-02-16,0,1,COMPLETED
657,51,105,2020-01-26,1,2020-02-16,1,1,COMPLETED
658,33,35,2020-01-27,1,2020-02-17,1,0,COMPLETED
659,34,185,2020-01-28,1,2020-02-21,1,0,COMPLETED
660,12,100,2020-01-28,1,2020-02-23,1,1,COMPLETED
661,62,90,2020-01-28,1,2020-02-01,1,0,COMPLETED
662,6,132,2020-01-28,1,2020-02-01,1,0,COMPLETED
663,8,119,2020-01-29,1,2020-02-19,1,1,COMPLETED
664,63,43,2020-01-30,1,2020-02-28,1,0,COMPLETED
665,12,12,2020-01-30,1,2020-02-25,0,0,COMPLETED
666,14,18,2020-01-31,1,2020-02-08,1,0,COMPLETED
667,23,145,2020-02-01,1,2020-02-12,0,1,COMPLETED
668,38,105,2020-02-02,1,2020-02-17,1,0,COMPLETED
669,59,143,2020-02-03,1,2020-03-04,1,0,COMPLETED
670,38,81,2020-02-03,1,2020-02-23,0,1,COMPLETED
671,2,175,2020-02-06,1,2020-03-07,0,1,COMPLETED
672,32,17,2020-02-06,1,2020-03-02,0,1,COMPLETED
673,42,69,2020-02-06,1,2020-03-05,0,0,COMPLETED
674,70,111,2020-02-07,1,2020-02-13,1,0,COMPLETED
675,27,186,2020-02-07,1,2020-03-03,0,0,COMPLETED
676,18,3,2020-02-07,1,2020-02-25,1,1,COMPLETED
677,59,5,2020-02-08,1,2020-02-13,0,0,COMPLETED
678,59,73,2020-02-08,1,2020-03-07,0,1,COMPLETED
679,45,198,2020-02-08,1,2020-03-07,0,1,COMPLETED
680,1,54,2020-02-09,1,2020-03-07,1,1,COMPLETED
681,22,159,2020-02-09,1,2020-02-16,0,0,COMPLETED
682,62,68,2020-02-10,1,2020-02-18,1,1,COMPLETED
683,73,147,2020-02-11,1,2020-03-02,0,1,COMPLETED
684,44,29,2020-02-11,1,2020-03-10,1,1,COMPLETED
685,32,10,2020-02-11,1,2020-03-02,1,1,COMPLETED
686,48,42,2020-02-11,1,2020-02-25,0,0,COMPLETED
687,44,132,2020-02-12,1,2020-02-24,1,0,COMPLETED
688,1,47,2020-02-12,0,2020-02-29,1,1,COMPLETED
689,48,115,2020-02-13,1,2020-03-06,1,0,COMPLETED
690,16,167,2020-02-13,1,2020-03-03,0,0,COMPLETED
691,29,43,2020-02-14,1,2020-02-27,0,0,COMPLETED
692,39,2,2020-02-15,1,2020-02-25,0,1,COMPLETED
693,51,165,2020-02-15,1,2020-02-25,1,1,COMPLETED
694,5,62,2020-02-16,1,2020-03-09,1,0,COMPLETED
695,53,51,2020-02-18,1,2020-03-13,0,0,COMPLETED
696,63,130,2020-02-18,1,2020-03-10,0,1,COMPLETED
697,60,178,2020-02-18,1,2020-02-25,1,1,COMPLETED
698,70,14,2020-02-18,1,2020-03-14,0,0,COMPLETED
699,19,82,2020-02-19,1,2020-03-06,0,1,COMPLETED
700,7,80,2020-02-19,1,2020-03-17,0,1,COMPLETED
701,22,58,2020-02-20,1,2020-03-10,1,0,COMPLETED
702,31,112,2020-02-20,1,2020-03-07,0,1,COMPLETED
703,60,77,2020-02-21,1,2020-03-09,0,0,COMPLETED
704,35,163,2020-02-22,1,2020-03-04,0,0,COMPLETED
705,38,92,2020-02-22,1,2020-03-08,0,1,COMPLETED
706,24,119,2020-02-23,1,2020-02-28,1,0,COMPLETED
707,29,39,2020-02-24,1,2020-02-29,0,0,COMPLETED
708,17,124,2020-02-24,1,2020-03-07,1,0,COMPLETED
709,28,102,2020-02-24,1,2020-03-16,0,0,COMPLETED
710,44,119,2020-02-25,1,2020-03-14,0,1,COMPLETED
711,52,54,2020-02-26,1,2020-03-06,1,0,COMPLETED
712,69,189,2020-02-26,1,2020-03-18,1,0,COMPLETED
713,23,193,2020-02-26,1,2020-03-13,1,0,COMPLETED
714,52,186,2020-02-28,1,2020-03-29,0,1,COMPLETED
715,14,96,2020-02-29,1,2020-03-06,1,1,COMPLETED
716,28,30,2020-03-02,1,2020-03-19,0,0,COMPLETED
717,18,112,2020-03-02,1,2020-03-14,1,0,COMPLETED
718,42,10,2020-03-02,1,2020-03-25,0,0,COMPLETED
719,62,165,2020-03-03,1,2020-03-09,0,0,COMPLETED
720,33,153,2020-03-03,1,2020-03-12,1,1,COMPLETED
721,57,34,2020-03-05,1,2020-03-17,1,0,COMPLETED
722,20,22,2020-03-05,1,2020-04-04,1,0,COMPLETED
723,40,82,2020-03-05,1,2020-03-19,0,0,COMPLETED
724,13,110,2020-03-06,1,2020-03-23,1,0,COMPLETED
725,63,44,2020-03-06,1,2020-03-12,1,1,COMPLETED
726,70,141,2020-03-08,1,2020-03-23,0,0,COMPLETED
727,28,175,2020-03-08,1,2020-03-25,0,0,COMPLETED
728,40,3,2020-03-08,1,2020-03-30,0,0,COMPLETED
729,15,104,2020-03-09,1,2020-03-27,0,1,COMPLETED
730,51,39,2020-03-10,1,2020-03-26,1,0,COMPLETED
731,37,145,2020-03-10,1,2020-04-01,0,1,COMPLETED
732,38,37,2020-03-10,1,2020-04-02,0,1,COMPLETED
733,54,35,2020-03-10,1,2020-03-27,1,0,COMPLETED
734,27,93,2020-03-12,1,2020-04-09,0,0,COMPLETED
735,14,61,2020-03-12,1,2020-04-08,0,1,COMPLETED
736,19,26,2020-03-13,1,2020-03-19,1,0,COMPLETED
737,46,180,2020-03-13,1,2020-03-22,1,1,COMPLETED
738,46,54,2020-03-14,1,2020-03-20,0,1,COMPLETED
739,65,103,2020-03-14,1,2020-04-12,0,0,COMPLETED
740,13,105,2020-03-14,1,2020-04-13,1,0,COMPLETED
741,4,104,2020-03-15,1,2020-04-02,1,0,COMPLETED
742,49,33,2020-03-15,1,2020-03-23,0,0,COMPLETED
743,73,17,2020-03-15,1,2020-03-30,0,0,COMPLETED
744,23,137,2020-03-15,1,2020-04-01,1,0,COMPLETED
745,2,205,2020-03-15,1,2020-03-28,1,0,COMPLETED
746,3,142,2020-03-16,1,2020-04-05,1,0,COMPLETED
747,33,194,2020-03-16,1,2020-03-28,1,1,COMPLETED
748,11,94,2020-03-17,1,2020-03-28,0,0,COMPLETED
749,8,91,2020-03-17,1,2020-04-13,1,1,COMPLETED
750,26,24,2020-03-18,1,2020-04-03,0,1,COMPLETED
751,39,195,2020-03-18,0,2020-03-24,1,0,COMPLETED
752,70,183,2020-03-18,1,2020-04-01,0,0,COMPLETED
753,19,27,2020-03-19,1,2020-04-03,1,0,COMPLETED
754,21,55,2020-03-20,0,2020-04-05,0,0,COMPLETED
755,48,172,2020-03-21,0,2020-04-20,0,0,COMPLETED
756,26,32,2020-03-21,0,2020-04-17,0,1,COMPLETED
757,52,77,2020-03-21,1,2020-03-26,0,0,COMPLETED
758,51,158,2020-03-22,1,2020-03-27,0,1,COMPLETED
759,62,167,2020-03-24,1,2020-03-28,0,1,COMPLETED
760,53,42,2020-03-24,1,2020-04-13,0,1,COMPLETED
761,70,46,2020-03-25,1,2020-04-11,1,1,COMPLETED
762,70,25,2020-03-25,1,2020-03-30,1,1,COMPLETED
763,55,176,2020-03-26,1,2020-03-29,0,1,COMPLETED
764,15,88,2020-03-27,1,2020-04-16,1,1,COMPLETED
765,69,105,2020-03-28,1,2020-04-22,0,0,COMPLETED
766,39,84,2020-03-29,1,2020-04-11,1,0,COMPLETED
767,36,5,2020-03-30,1,2020-04-08,1,1,COMPLETED
768,29,55,2020-03-30,1,2020-04-05,0,0,COMPLETED
769,34,47,2020-03-30,1,2020-04-26,0,0,COMPLETED
770,2,188,2020-03-31,1,2020-04-07,1,0,COMPLETED
771,70,21,2020-03-31,1,2020-04-28,0,1,COMPLETED
772,36,56,2020-04-01,1,2020-04-13,1,1,COMPLETED
773,30,168,2020-04-01,1,2020-04-18,0,1,COMPLETED
774,41,113,2020-04-02,1,2020-04-29,1,1,COMPLETED
775,45,172,2020-04-03,1,2020-04-16,1,0,COMPLETED
776,67,50,2020-04-04,1,2020-04-25,0,0,COMPLETED
777,49,19,2020-04-04,1,2020-04-07,1,1,COMPLETED
778,15,109,2020-04-05,1,2020-05-02,0,0,COMPLETED
779,3,34,2020-04-05,1,2020-04-30,1,1,COMPLETED
780,12,155,2020-04-06,1,2020-04-14,1,0,COMPLETED
781,2,14,2020-04-06,1,2020-05-04,1,0,COMPLETED
782,51,45,2020-04-08,1,2020-04-14,0,1,COMPLETED
783,24,140,2020-04-08,1,2020-05-07,1,0,COMPLETED
784,68,65,2020-04-09,1,2020-04-13,0,1,COMPLETED
785,1,150,2020-04-09,1,2020-04-24,1,0,COMPLETED
786,73,104,2020-04-09,1,2020-04-28,1,0,COMPLETED
787,17,158,2020-04-10,1,2020-04-26,0,1,COMPLETED
788,22,132,2020-04-10,1,2020-05-03,0,0,COMPLETED
789,50,44,2020-04-12,1,2020-05-01,1,0,COMPLETED
790,62,111,2020-04-15,1,2020-04-30,1,0,COMPLETED
791,32,101,2020-04-15,1,2020-04-21,0,0,COMPLETED
792,27,120,2020-04-15,1,2020-05-02,1,0,COMPLETED
793,27,151,2020-04-16,1,2020-04-20,0,1,COMPLETED
794,3,119,2020-04-17,1,2020-04-28,1,0,COMPLETED
795,42,166,2020-04-17,1,2020-04-27,1,1,COMPLETED
796,20,193,2020-04-18,1,2020-05-12,0,1,COMPLETED
797,46,46,2020-04-19,1,2020-04-23,0,1,COMPLETED
798,12,64,2020-04-22,1,2020-04-29,1,0,COMPLETED
799,55,187,2020-04-22,1,2020-05-14,1,0,COMPLETED
800,12,173,2020-04-23,1,2020-05-04,1,0,COMPLETED
801,24,190,2020-04-23,1,2020-04-28,0,1,COMPLETED
802,4,62,2020-04-24,1,2020-05-05,1,0,COMPLETED
803,4,93,2020-04-24,1,2020-05-12,0,0,COMPLETED
804,55,16,2020-04-26,1,2020-05-13,0,1,COMPLETED
805,25,61,2020-04-26,1,2020-05-15,0,0,COMPLETED
806,36,67,2020-04-27,1,2020-05-21,0,0,COMPLETED
807,33,193,2020-04-28,1,2020-05-22,1,1,COMPLETED
808,70,186,2020-04-29,1,2020-05-23,0,0,COMPLETED
809,14,167,2020-04-29,1,2020-05-02,1,0,COMPLETED
810,70,129,2020-04-29,1,2020-05-11,1,0,COMPLETED
811,15,69,2020-04-30,1,2020-05-14,1,0,COMPLETED
812,17,81,2020-04-30,1,2020-05-09,0,0,COMPLETED
813,9,9,2020-04-30,1,2020-05-19,1,0,COMPLETED
814,53,172,2020-04-30,1,2020-05-17,0,0,COMPLETED
815,20,160,2020-05-01,1,2020-05-15,0,1,COMPLETED
816,31,100,2020-05-02,1,2020-05-13,1,0,COMPLETED
817,58,123,2020-05-02,1,2020-05-11,0,0,COMPLETED
818,16,154,2020-05-03,1,2020-05-30,1,0,COMPLETED
819,55,36,2020-05-03,1,2020-05-10,0,1,COMPLETED
820,13,36,2020-05-03,1,2020-05-15,0,1,COMPLETED
821,59,198,2020-05-04,1,2020-05-29,1,0,COMPLETED
822,22,31,2020-05-05,1,2020-05-17,1,0,COMPLETED
823,26,139,2020-05-05,1,2020-05-21,1,0,COMPLETED
824,56,168,2020-05-05,1,2020-05-27,0,1,COMPLETED
825,47,80,2020-05-06,1,2020-05-26,1,1,COMPLETED
826,60,163,2020-05-07,1,2020-05-25,0,1,COMPLETED
827,54,85,2020-05-08,1,2020-05-25,1,0,COMPLETED
828,64,88,2020-05-09,1,2020-06-03,1,1,COMPLETED
829,4,75,2020-05-10,1,2020-05-18,1,0,COMPLETED
830,70,125,2020-05-12,1,2020-05-26,1,0,COMPLETED
831,4,206,2020-05-12,1,2020-06-05,0,0,COMPLETED
832,11,79,2020-05-13,1,2020-06-05,0,1,COMPLETED
833,31,129,2020-05-13,0,2020-06-01,0,1,COMPLETED
834,53,5,2020-05-14,1,2020-05-24,0,0,COMPLETED
835,19,120,2020-05-14,1,2020-05-25,0,0,COMPLETED
836,50,31,2020-05-15,1,2020-06-07,1,1,COMPLETED
837,52,125,2020-05-15,1,2020-05-24,0,1,COMPLETED
838,26,4,2020-05-16,1,2020-05-21,1,1,COMPLETED
839,24,195,2020-05-16,1,2020-06-02,0,0,COMPLETED
840,26,143,2020-05-17,1,2020-06-15,0,0,COMPLETED
841,40,189,2020-05-18,1,2020-06-01,0,0,COMPLETED
842,10,142,2020-05-18,1,2020-06-09,0,0,COMPLETED
843,40,113,2020-05-18,1,2020-06-04,1,1,COMPLETED
844,21,138,2020-05-19,1,2020-06-01,1,1,COMPLETED
845,38,51,2020-05-20,1,2020-06-08,0,1,COMPLETED
846,46,136,2020-05-20,1,2020-06-04,1,0,COMPLETED
847,10,127,2020-05-20,1,2020-06-14,1,1,COMPLETED
848,1,157,2020-05-20,1,2020-05-24,0,0,COMPLETED
849,22,186,2020-05-21,1,2020-06-07,1,1,COMPLETED
850,17,127,2020-05-23,1,2020-06-11,0,0,COMPLETED
851,73,179,2020-05-24,0,2020-06-01,1,1,COMPLETED
852,7,92,2020-05-24,1,2020-06-22,0,1,COMPLETED
853,37,87,2020-05-24,1,2020-06-23,1,0,COMPLETED
854,37,52,2020-05-24,1,2020-05-27,0,1,COMPLETED
855,74,59,2020-05-25,1,2020-06-08,1,1,COMPLETED
856,62,160,2020-05-25,1,2020-06-10,0,1,COMPLETED
857,3,143,2020-05-27,1,2020-06-04,1,1,COMPLETED
858,32,60,2020-05-28,1,2020-06-26,0,1,COMPLETED
859,41,166,2020-05-28,1,2020-06-12,0,0,COMPLETED
860,67,77,2020-05-28,1,2020-06-03,0,1,COMPLETED
861,68,146,2020-05-29,1,2020-06-27,0,1,COMPLETED
862,53,96,2020-05-30,1,2020-06-19,1,0,COMPLETED
863,3,33,2020-05-31,1,2020-06-26,0,1,COMPLETED
864,9,37,2020-05-31,1,2020-06-05,1,0,COMPLETED
865,14,15,2020-06-01,1,2020-06-19,1,0,COMPLETED
866,66,8,2020-06-01,1,2020-06-06,0,0,COMPLETED
867,56,180,2020-06-01,1,2020-06-24,1,0,COMPLETED
868,27,90,2020-06-01,1,2020-06-20,0,0,COMPLETED
869,21,21,2020-06-02,1,2020-06-17,1,1,COMPLETED
870,68,11,2020-06-02,1,2020-06-28,1,0,COMPLETED
871,51,193,2020-06-02,1,2020-06-19,1,1,COMPLETED
872,17,20,2020-06-03,1,2020-06-19,0,0,COMPLETED
873,3,110,2020-06-03,1,2020-06-07,0,1,COMPLETED
874,57,72,2020-06-03,1,2020-06-25,1,0,COMPLETED
875,43,179,2020-06-04,1,2020-06-11,1,0,COMPLETED
876,9,49,2020-06-05,1,2020-07-05,0,0,COMPLETED
877,16,13,2020-06-05,1,2020-06-21,0,1,COMPLETED
878,25,93,2020-06-07,1,2020-06-10,0,1,COMPLETED
879,5,182,2020-06-08,1,2020-07-06,0,0,COMPLETED
880,57,168,2020-06-09,1,2020-06-17,1,1,COMPLETED
881,67,144,2020-06-10,1,2020-07-09,1,0,COMPLETED
882,19,130,2020-06-10,1,2020-06-27,0,0,COMPLETED
883,55,160,2020-06-11,1,2020-06-14,0,1,COMPLETED
884,34,183,2020-06-12,1,2020-06-18,1,0,COMPLETED
885,51,115,2020-06-12,1,2020-07-05,0,1,COMPLETED
886,51,122,2020-06-15,1,2020-07-04,1,0,COMPLETED
887,58,90,2020-06-16,1,2020-07-04,0,0,COMPLETED
888,59,153,2020-06-16,1,2020-06-27,1,0,COMPLETED
889,49,195,2020-06-17,1,2020-07-16,1,1,COMPLETED
890,40,200,2020-06-18,1,2020-07-14,0,0,COMPLETED
891,57,5,2020-06-19,1,2020-07-05,0,1,COMPLETED
892,61,15,2020-06-20,1,2020-07-15,0,0,COMPLETED
893,29,127,2020-06-20,1,2020-06-29,1,1,COMPLETED
894,22,46,2020-06-20,1,2020-06-28,1,1,COMPLETED
895,47,80,2020-06-21,1,2020-07-01,1,1,COMPLETED
896,22,44,2020-06-22,1,2020-07-03,1,0,COMPLETED
897,2,16,2020-06-22,1,2020-07-20,1,1,COMPLETED
898,9,110,2020-06-23,1,2020-07-23,0,1,COMPLETED
899,50,202,2020-06-23,1,2020-07-18,1,1,COMPLETED
900,49,104,2020-06-24,1,2020-07-10,0,0,COMPLETED
901,71,4,2020-06-24,1,2020-07-14,1,0,COMPLETED
902,25,206,2020-06-24,1,2020-07-02,1,1,COMPLETED
903,27,18,2020-06-26,1,2020-07-11,0,0,COMPLETED
904,44,170,2020-06-27,1,2020-07-07,1,1,COMPLETED
905,14,83,2020-06-29,1,2020-07-08,0,1,COMPLETED
906,18,163,2020-06-30,1,2020-07-26,0,0,COMPLETED
907,50,117,2020-06-30,1,2020-07-14,1,1,COMPLETED
908,31,187,2020-07-02,1,2020-07-31,0,1,COMPLETED
909,31,182,2020-07-03,1,2020-07-16,1,1,COMPLETED
910,47,8,2020-07-04,1,2020-07-19,0,0,COMPLETED
911,37,97,2020-07-04,1,2020-07-29,0,1,COMPLETED
912,44,49,2020-07-04,1,2020-07-23,0,1,COMPLETED
913,19,123,2020-07-04,1,2020-08-01,1,0,COMPLETED
914,25,137,2020-07-05,1,2020-08-02,0,0,COMPLETED
915,57,122,2020-07-05,1,2020-08-01,0,1,COMPLETED
916,39,49,2020-07-06,1,2020-07-16,1,0,COMPLETED
917,5,46,2020-07-06,0,2020-07-27,0,1,COMPLETED
918,41,189,2020-07-06,1,2020-07-10,0,0,COMPLETED
919,72,128,2020-07-07,1,2020-08-05,0,0,COMPLETED
920,72,175,2020-07-07,1,2020-08-06,1,0,COMPLETED
921,7,45,2020-07-08,1,2020-07-31,0,0,COMPLETED
922,47,58,2020-07-08,1,2020-07-18,0,0,COMPLETED
923,26,205,2020-07-08,1,2020-07-26,0,0,COMPLETED
924,63,6,2020-07-09,1,2020-08-02,1,1,COMPLETED
925,40,32,2020-07-09,1,2020-08-01,1,0,COMPLETED
926,53,6,2020-07-09,1,2020-07-24,0,1,COMPLETED
927,2,60,2020-07-11,1,2020-07-20,0,1,COMPLETED
928,50,87,2020-07-11,1,2020-07-24,0,1,COMPLETED
929,11,156,2020-07-11,1,2020-07-17,1,0,COMPLETED
930,34,203,2020-07-12,1,2020-07-31,1,0,COMPLETED
931,10,17,2020-07-12,1,2020-08-01,1,1,COMPLETED
932,72,147,2020-07-12,1,2020-07-21,1,1,COMPLETED
933,8,183,2020-07-14,1,2020-07-17,0,1,COMPLETED
934,59,5,2020-07-15,1,2020-08-07,1,0,COMPLETED
935,47,126,2020-07-15,1,2020-08-13,1,0,COMPLETED
936,27,172,2020-07-15,0,2020-07-20,1,0,COMPLETED
937,38,99,2020-07-15,1,2020-07-29,1,0,COMPLETED
938,60,133,2020-07-15,1,2020-07-18,0,1,COMPLETED
939,3,146,2020-07-16,1,2020-07-23,0,0,COMPLETED
940,2,106,2020-07-17,1,2020-08-12,0,0,COMPLETED
941,74,158,2020-07-18,1,2020-08-08,0,1,COMPLETED
942,29,133,2020-07-18,1,2020-07-23,0,1,COMPLETED
943,19,145,2020-07-18,0,2020-07-25,0,0,COMPLETED
944,58,94,2020-07-19,1,2020-07-23,0,1,COMPLETED
945,31,128,2020-07-19,1,2020-08-01,1,0,COMPLETED
946,27,131,2020-07-20,1,2020-08-16,0,0,COMPLETED
947,65,123,2020-07-20,1,2020-08-03,0,0,COMPLETED
948,20,69,2020-07-20,1,2020-08-02,0,0,COMPLETED
949,46,56,2020-07-21,1,2020-08-06,1,0,COMPLETED
950,4,10,2020-07-21,1,2020-07-28,0,1,COMPLETED
951,71,50,2020-07-21,1,2020-08-01,1,0,COMPLETED
952,70,153,2020-07-22,1,2020-08-07,0,1,COMPLETED
953,49,117,2020-07-22,1,2020-07-27,0,1,COMPLETED
954,52,170,2020-07-22,1,2020-08-21,1,0,COMPLETED
955,65,120,2020-07-23,1,2020-08-18,0,1,COMPLETED
956,25,110,2020-07-24,1,2020-08-03,0,0,COMPLETED
957,72,90,2020-07-24,1,2020-07-29,1,1,COMPLETED
958,45,168,2020-07-26,1,2020-08-15,1,1,COMPLETED
959,2,206,2020-07-27,1,2020-08-05,1,1,COMPLETED
960,56,43,2020-07-27,1,2020-08-18,0,0,COMPLETED
961,55,13,2020-07-27,1,2020-08-11,1,0,COMPLETED
962,52,102,2020-07-28,1,2020-08-09,1,1,COMPLETED
963,40,71,2020-07-28,1,2020-08-06,0,1,COMPLETED
964,7,127,2020-07-29,1,2020-08-04,0,1,COMPLETED
965,22,34,2020-07-29,1,2020-08-26,1,1,COMPLETED
966,39,151,2020-07-30,1,2020-08-14,1,0,COMPLETED
967,44,165,2020-07-31,1,2020-08-09,0,1,COMPLETED
968,46,147,2020-07-31,1,2020-08-14,0,1,COMPLETED
969,66,157,2020-08-01,1,2020-08-13,0,0,COMPLETED
970,30,30,2020-08-01,1,2020-08-18,0,1,COMPLETED
971,15,179,2020-08-02,1,2020-08-07,1,0,COMPLETED
972,34,50,2020-08-02,1,2020-08-21,1,0,COMPLETED
973,15,105,2020-08-02,1,2020-08-11,0,1,COMPLETED
974,10,85,2020-08-02,1,2020-08-24,1,0,COMPLETED
975,71,153,2020-08-03,1,2020-08-28,1,1,COMPLETED
976,60,167,2020-08-03,1,2020-08-22,0,0,COMPLETED
977,6,75,2020-08-03,1,2020-09-02,0,0,COMPLETED
978,30,102,2020-08-04,1,2020-08-30,0,0,COMPLETED
979,29,154,2020-08-04,1,2020-09-02,0,0,COMPLETED
980,31,24,2020-08-05,1,2020-08-16,1,1,COMPLETED
981,38,166,2020-08-05,1,2020-09-04,0,1,COMPLETED
982,38,62,2020-08-07,1,2020-08-10,0,1,COMPLETED
983,50,76,2020-08-09,1,2020-08-28,0,1,COMPLETED
984,66,119,2020-08-09,1,2020-08-29,1,0,COMPLETED
985,48,91,2020-08-10,1,2020-08-27,0,0,COMPLETED
986,5,14,2020-08-10,1,2020-08-24,1,0,COMPLETED
987,68,15,2020-08-10,1,2020-09-03,1,0,COMPLETED
988,28,105,2020-08-10,1,2020-08-21,1,0,COMPLETED
989,46,46,2020-08-11,1,2020-08-16,0,0,COMPLETED
990,59,83,2020-08-12,1,2020-08-23,0,1,COMPLETED
991,35,25,2020-08-12,1,2020-09-07,1,0,COMPLETED
992,37,45,2020-08-12,1,2020-08-24,1,1,COMPLETED
993,29,121,2020-08-12,1,2020-09-06,1,0,COMPLETED
994,63,82,2020-08-12,1,2020-08-20,1,0,COMPLETED
995,4,124,2020-08-13,1,2020-09-10,1,0,COMPLETED
996,38,130,2020-08-13,1,2020-08-17,1,0,COMPLETED
997,20,48,2020-08-14,1,2020-09-12,0,0,COMPLETED
998,4,2,2020-08-14,1,2020-08-27,1,1,COMPLETED
999,51,94,2020-08-14,1,2020-08-31,0,1,COMPLETED
1000,3,43,2020-08-15,1,2020-08-30,1,0,COMPLETED